{"stats":{"minecraft:custom":{"minecraft:jump":64,"minecraft:time_since_rest":12352,"minecraft:leave_game":1,"minecraft:damage_dealt":394,"minecraft:crouch_one_cm":1560,"minecraft:deaths":1,"minecraft:sprint_one_cm":7548,"minecraft:play_time":15008,"minecraft:damage_taken":273,"minecraft:time_since_death":12308,"minecraft:walk_one_cm":40460,"minecraft:sneak_time":426,"minecraft:total_world_time":15008,"minecraft:drop":1,"minecraft:fall_one_cm":209,"minecraft:fly_one_cm":38219,"minecraft:player_kills":1},"minecraft:picked_up":{"youre_seeing_dungeons:unreal_dagger":1},"minecraft:dropped":{"youre_seeing_dungeons:unreal_dagger":1},"minecraft:killed_by":{"minecraft:player":1},"minecraft:used":{"youre_seeing_dungeons:unreal_dagger":10}},"DataVersion":2975}