{"stats":{"minecraft:killed":{"minecraft:witch":1,"minecraft:spider":2,"minecraft:wandering_trader":1,"minecraft:creeper":2,"minecraft:skeleton":1,"minecraft:trader_llama":2,"minecraft:zombie":2,"minecraft:skeleton_horse":1},"minecraft:used":{"minecraft:water_bucket":120,"minecraft:netherite_sword":24,"minecraft:orange_concrete":1,"minecraft:birch_planks":98,"minecraft:red_concrete":1,"minecraft:polished_andesite":21,"dedsafio_by_forzaken:batidora_legendaria":2,"tacz:gun_smith_table":1,"minecraft:ender_chest":2,"minecraft:stone":1,"minecraft:blue_concrete_powder":1,"minecraft:spruce_sign":6,"minecraft:pink_concrete":1,"minecraft:dirt":15,"minecraft:sand":4,"minecraft:jungle_planks":300,"minecraft:yellow_concrete":1,"minecraft:blue_concrete":1,"minecraft:warped_planks":4,"minecraft:creeper_spawn_egg":6,"minecraft:black_concrete":32,"minecraft:dark_oak_log":8,"minecraft:command_block":8,"minecraft:lantern":11,"minecraft:grass_block":16,"minecraft:oak_button":8,"minecraft:barrier":435,"minecraft:cyan_concrete":1,"minecraft:pink_stained_glass_pane":43,"minecraft:crimson_planks":369,"minecraft:purple_concrete":2,"minecraft:red_carpet":39,"minecraft:lime_concrete":1,"minecraft:warped_stairs":117,"iceandfire:podium_birch":5,"minecraft:mangrove_roots":59,"minecraft:bucket":11,"minecraft:white_concrete":18,"dedsafio_by_forzaken:taxi":3,"dedsafio_by_forzaken:casino":41},"minecraft:picked_up":{"minecraft:leather":3,"minecraft:lead":2,"minecraft:gunpowder":3,"minecraft:string":3,"minecraft:dirt":10,"minecraft:lantern":3,"minecraft:red_carpet":21,"minecraft:bone":4,"dedsafio_by_forzaken:casino":1,"minecraft:enchanted_golden_apple":2,"aquamirae:frozen_key":1,"dedsafio_by_forzaken:alma_golem":1,"minecraft:sand":9,"dedsafio_by_forzaken:cuchara_normal":1,"minecraft:dark_oak_log":10,"dedsafio_by_forzaken:dedita_celeste":2,"minecraft:rotten_flesh":6,"minecraft:sugar":1,"minecraft:golden_apple":1,"minecraft:spruce_sign":1,"minecraft:totem_of_undying":1},"minecraft:custom":{"minecraft:mob_kills":12,"minecraft:leave_game":12,"minecraft:time_since_death":94739,"minecraft:climb_one_cm":110,"minecraft:time_since_rest":95146,"minecraft:sprint_one_cm":97041,"minecraft:open_enderchest":1,"minecraft:damage_taken":1530,"minecraft:walk_one_cm":142287,"minecraft:drop":15,"minecraft:damage_dealt":2348,"minecraft:fly_one_cm":1007582,"minecraft:crouch_one_cm":6353,"minecraft:play_time":152506,"minecraft:deaths":8,"minecraft:sneak_time":4772,"minecraft:walk_under_water_one_cm":14347,"minecraft:jump":540,"minecraft:walk_on_water_one_cm":6732,"minecraft:total_world_time":152506,"minecraft:fall_one_cm":11886},"minecraft:dropped":{"dedsafio_by_forzaken:cuchara_normal":1,"dedsafio_by_forzaken:casino":1,"minecraft:rotten_flesh":1,"minecraft:enchanted_golden_apple":2,"minecraft:lantern":1,"dedsafio_by_forzaken:alma_golem":1,"minecraft:totem_of_undying":1,"minecraft:golden_apple":1,"minecraft:dirt":1,"minecraft:stone":1,"aquamirae:frozen_key":1}},"DataVersion":3465}