{"stats":{"minecraft:picked_up":{"minecraft:dark_oak_button":1,"minecraft:bone":2,"minecraft:glow_item_frame":2,"minecraft:filled_map":1,"majruszsdifficulty:ender_pouch":1},"minecraft:custom":{"minecraft:time_since_rest":14151,"minecraft:damage_taken":3440,"minecraft:damage_absorbed":80,"minecraft:crouch_one_cm":3707,"minecraft:sprint_one_cm":71173,"minecraft:play_time":155403,"minecraft:open_enderchest":6,"minecraft:deaths":5,"minecraft:walk_one_cm":82604,"minecraft:sneak_time":1759,"minecraft:walk_under_water_one_cm":5345,"minecraft:mob_kills":2,"minecraft:drop":1,"minecraft:jump":402,"minecraft:damage_dealt":300,"minecraft:leave_game":23,"minecraft:time_since_death":14151,"minecraft:climb_one_cm":256,"minecraft:total_world_time":156179,"minecraft:fall_one_cm":42640,"minecraft:fly_one_cm":699628},"minecraft:used":{"minecraft:pink_concrete":1,"minecraft:netherite_sword":4,"minecraft:birch_button":16,"minecraft:purple_concrete":1,"minecraft:lime_concrete":1,"minecraft:orange_concrete":1,"minecraft:command_block":17,"immersive_paintings:painting":1,"minecraft:red_concrete":1,"minecraft:grass_block":3,"minecraft:barrier":16,"minecraft:yellow_concrete":1,"minecraft:oak_wood":18,"minecraft:cyan_concrete":1,"minecraft:ender_chest":1,"minecraft:white_concrete":8,"dedsafio_by_forzaken:casino":40,"minecraft:blue_concrete":1,"minecraft:dark_oak_button":1,"minecraft:totem_of_undying":6},"minecraft:dropped":{"majruszsdifficulty:ender_pouch":1},"minecraft:killed":{"minecraft:skeleton_horse":2}},"DataVersion":3465}