{"stats":{"minecraft:custom":{"minecraft:jump":9,"minecraft:time_since_rest":5858,"minecraft:crouch_one_cm":326,"minecraft:sprint_one_cm":1242,"minecraft:play_time":5858,"minecraft:time_since_death":5858,"minecraft:walk_one_cm":3163,"minecraft:sneak_time":45,"minecraft:total_world_time":5858,"minecraft:drop":1,"minecraft:fall_one_cm":209,"minecraft:fly_one_cm":24908},"minecraft:dropped":{"minecraft:golden_apple":1},"minecraft:picked_up":{"minecraft:golden_apple":1},"minecraft:used":{"minecraft:birch_wood":1,"immersive_paintings:graffiti":1}},"DataVersion":3465}