{"stats":{"minecraft:picked_up":{"armaduras_d:dimensional_chestplate":1,"armaduras_d:dimensional_helmet":1,"armaduras_d:dimensional_leggings":1,"youre_seeing_dungeons:essence":1,"youre_seeing_dungeons:unreal_dagger":3,"armaduras_d:dimensional_boots":1},"minecraft:custom":{"minecraft:jump":231,"minecraft:time_since_rest":2623,"minecraft:damage_taken":50,"minecraft:leave_game":7,"minecraft:play_time":42335,"minecraft:sprint_one_cm":63576,"minecraft:walk_one_cm":33250,"minecraft:time_since_death":2617,"minecraft:deaths":15,"minecraft:sneak_time":20,"minecraft:total_world_time":42335,"minecraft:fall_one_cm":4815,"minecraft:fly_one_cm":147390}},"DataVersion":2975}