{"stats":{"minecraft:picked_up":{"minecraft:dark_oak_button":1,"minecraft:bone":2,"minecraft:glow_item_frame":2,"minecraft:filled_map":1,"majruszsdifficulty:ender_pouch":1},"minecraft:custom":{"minecraft:time_since_rest":29914,"minecraft:damage_absorbed":80,"minecraft:damage_taken":3440,"minecraft:crouch_one_cm":3848,"minecraft:sprint_one_cm":76428,"minecraft:play_time":171166,"minecraft:open_enderchest":6,"minecraft:deaths":5,"minecraft:walk_one_cm":93109,"minecraft:sneak_time":1802,"minecraft:walk_under_water_one_cm":5345,"minecraft:mob_kills":2,"minecraft:drop":1,"minecraft:jump":440,"minecraft:damage_dealt":300,"minecraft:leave_game":25,"minecraft:time_since_death":29914,"minecraft:climb_one_cm":256,"minecraft:total_world_time":171942,"minecraft:fall_one_cm":42640,"minecraft:fly_one_cm":714280},"minecraft:used":{"minecraft:netherite_sword":4,"minecraft:pink_concrete":1,"minecraft:birch_button":16,"minecraft:purple_concrete":1,"minecraft:lime_concrete":1,"minecraft:orange_concrete":1,"minecraft:command_block":17,"immersive_paintings:painting":1,"minecraft:red_concrete":1,"minecraft:grass_block":3,"minecraft:barrier":16,"minecraft:yellow_concrete":1,"minecraft:oak_wood":18,"minecraft:cyan_concrete":1,"minecraft:white_concrete":8,"minecraft:ender_chest":1,"dedsafio_by_forzaken:casino":40,"minecraft:blue_concrete":1,"minecraft:dark_oak_button":1,"minecraft:totem_of_undying":6},"minecraft:killed":{"minecraft:skeleton_horse":2},"minecraft:dropped":{"majruszsdifficulty:ender_pouch":1}},"DataVersion":3465}