{"stats":{"minecraft:custom":{"minecraft:damage_taken":50,"minecraft:play_time":86701,"minecraft:time_since_rest":32379,"minecraft:walk_one_cm":82499,"minecraft:crouch_one_cm":3430,"minecraft:sprint_one_cm":110351,"minecraft:deaths":17,"minecraft:sneak_time":1273,"minecraft:walk_under_water_one_cm":1490,"minecraft:drop":1,"minecraft:jump":425,"minecraft:leave_game":10,"minecraft:time_since_death":32372,"minecraft:walk_on_water_one_cm":115,"minecraft:total_world_time":86701,"minecraft:fall_one_cm":5084,"minecraft:fly_one_cm":353026},"minecraft:dropped":{"minecraft:command_block":1},"minecraft:used":{"minecraft:bricks":153,"minecraft:lime_concrete":1,"minecraft:light_blue_concrete":1,"minecraft:orange_concrete":1,"minecraft:command_block":28,"minecraft:grass_block":2,"minecraft:red_concrete":1,"minecraft:stone_button":22,"minecraft:yellow_concrete":1,"minecraft:blue_wool":1,"minecraft:granite":27,"minecraft:blue_concrete":1,"minecraft:pink_concrete":1,"minecraft:glowstone":365,"minecraft:dirt":45,"minecraft:purple_concrete":1},"minecraft:picked_up":{"youre_seeing_dungeons:essence":2,"armaduras_d:dimensional_leggings":2,"armaduras_d:dimensional_helmet":2,"armaduras_d:dimensional_boots":2,"youre_seeing_dungeons:unreal_dagger":3,"youre_seeing_dungeons:unnamed_documments":1,"minecraft:bone":2,"minecraft:arrow":1,"minecraft:command_block":2,"minecraft:rotten_flesh":8,"armaduras_d:dimensional_chestplate":2,"minecraft:gunpowder":1,"minecraft:string":6,"minecraft:ender_pearl":1}},"DataVersion":2975}