{"stats":{"minecraft:killed_by":{"minecraft:player":1},"minecraft:custom":{"minecraft:open_chest":1,"minecraft:time_since_rest":3626,"minecraft:crouch_one_cm":1979,"minecraft:sprint_one_cm":15049,"minecraft:play_time":44160,"minecraft:deaths":2,"minecraft:damage_taken":323,"minecraft:walk_one_cm":48971,"minecraft:sneak_time":876,"minecraft:walk_under_water_one_cm":2434,"minecraft:mob_kills":1,"minecraft:drop":1,"minecraft:jump":134,"minecraft:damage_dealt":604,"minecraft:leave_game":3,"minecraft:time_since_death":3590,"minecraft:walk_on_water_one_cm":870,"minecraft:total_world_time":44160,"minecraft:fall_one_cm":965,"minecraft:fly_one_cm":223319,"minecraft:player_kills":1},"minecraft:killed":{"stalwart_dungeons:reinforced_blaze":1},"minecraft:picked_up":{"stalwart_dungeons:blaze_armor_scrap":1,"youre_seeing_dungeons:unreal_dagger":1,"minecraft:bread":74,"minecraft:grass_block":64,"minecraft:blaze_rod":2},"minecraft:dropped":{"youre_seeing_dungeons:unreal_dagger":1},"minecraft:used":{"minecraft:torch":431,"minecraft:glowstone":72,"armaduras_d:espada_belica":2,"minecraft:grass_block":1,"youre_seeing_dungeons:unreal_dagger":10,"stalwart_dungeons:reinforced_blaze_spawn_egg":1}},"DataVersion":2975}