{"stats":{"minecraft:dropped":{"minecraft:rotten_flesh":1,"aquamirae:frozen_key":1},"minecraft:custom":{"minecraft:time_since_rest":9227,"minecraft:crouch_one_cm":761,"minecraft:damage_taken":90,"minecraft:sprint_one_cm":30959,"minecraft:play_time":32760,"minecraft:open_enderchest":1,"minecraft:deaths":1,"minecraft:walk_one_cm":12705,"minecraft:sneak_time":246,"minecraft:mob_kills":4,"minecraft:drop":5,"minecraft:jump":167,"minecraft:damage_dealt":761,"minecraft:leave_game":4,"minecraft:time_since_death":9223,"minecraft:total_world_time":32760,"minecraft:fly_one_cm":117934},"minecraft:picked_up":{"aquamirae:frozen_key":1,"minecraft:bone":1,"minecraft:rotten_flesh":2,"minecraft:leather":3,"minecraft:lead":2},"minecraft:used":{"minecraft:netherite_sword":6,"minecraft:barrier":1,"tacz:gun_smith_table":1},"minecraft:killed":{"minecraft:skeleton":1,"minecraft:trader_llama":2,"minecraft:wandering_trader":1}},"DataVersion":3465}