{"stats":{"minecraft:dropped":{"minecraft:dirt":1,"minecraft:stone":1,"minecraft:rotten_flesh":1,"aquamirae:frozen_key":1},"minecraft:custom":{"minecraft:time_since_rest":3175,"minecraft:sprint_one_cm":41896,"minecraft:open_enderchest":1,"minecraft:damage_taken":275,"minecraft:walk_one_cm":22255,"minecraft:mob_kills":11,"minecraft:drop":7,"minecraft:damage_dealt":2198,"minecraft:fly_one_cm":331796,"minecraft:crouch_one_cm":1049,"minecraft:play_time":55709,"minecraft:deaths":6,"minecraft:sneak_time":439,"minecraft:walk_under_water_one_cm":2662,"minecraft:jump":256,"minecraft:leave_game":5,"minecraft:time_since_death":3172,"minecraft:walk_on_water_one_cm":2088,"minecraft:climb_one_cm":110,"minecraft:total_world_time":55709},"minecraft:picked_up":{"aquamirae:frozen_key":1,"minecraft:leather":3,"minecraft:lead":2,"minecraft:sand":9,"minecraft:gunpowder":3,"minecraft:dark_oak_log":10,"minecraft:string":3,"minecraft:dirt":10,"minecraft:bone":2,"minecraft:rotten_flesh":6,"minecraft:sugar":1},"minecraft:used":{"minecraft:creeper_spawn_egg":4,"minecraft:netherite_sword":22,"minecraft:dark_oak_log":8,"minecraft:grass_block":16,"minecraft:barrier":1,"tacz:gun_smith_table":1,"minecraft:stone":1,"minecraft:sand":4,"minecraft:dirt":15},"minecraft:killed":{"minecraft:skeleton":1,"minecraft:trader_llama":2,"minecraft:zombie":2,"minecraft:witch":1,"minecraft:spider":2,"minecraft:wandering_trader":1,"minecraft:creeper":2}},"DataVersion":3465}