{"stats":{"minecraft:dropped":{"armaduras_d:nucleo_blocke":1,"minecraft:command_block":1},"minecraft:picked_up":{"armaduras_d:dimensional_leggings":2,"armaduras_d:dimensional_helmet":2,"youre_seeing_dungeons:unnamed_documments":1,"armaduras_d:dimensional_boots":2,"armaduras_d:dimensional_chestplate":2,"armaduras_d:nucleo_blocke":67,"minecraft:stone_button":1,"minecraft:gunpowder":1,"minecraft:netherite_pickaxe":1,"immersive_aircraft:gyrodyne":2,"minecraft:dirt":1,"immersive_aircraft:improved_landing_gear":2,"minecraft:string":6,"immersive_aircraft:enhanced_propeller":2,"immersive_aircraft:biplane":3,"youre_seeing_dungeons:essence":3,"minecraft:bone":4,"youre_seeing_dungeons:unreal_dagger":3,"minecraft:arrow":4,"minecraft:command_block":2,"minecraft:rotten_flesh":8,"minecraft:netherite_helmet":1,"immersive_aircraft:industrial_gears":2,"minecraft:green_wool":1,"immersive_aircraft:steel_boiler":2,"minecraft:ender_pearl":1},"minecraft:custom":{"minecraft:time_since_rest":45238,"minecraft:sprint_one_cm":214863,"minecraft:damage_taken":250,"minecraft:walk_one_cm":203914,"minecraft:mob_kills":8,"minecraft:drop":2,"minecraft:damage_dealt":1570,"minecraft:traded_with_villager":6,"minecraft:talked_to_villager":15,"minecraft:fly_one_cm":726196,"minecraft:open_chest":18,"minecraft:crouch_one_cm":8262,"minecraft:play_time":272022,"minecraft:deaths":41,"minecraft:sneak_time":3989,"minecraft:walk_under_water_one_cm":3723,"minecraft:jump":1341,"minecraft:leave_game":35,"minecraft:time_since_death":45234,"minecraft:walk_on_water_one_cm":136,"minecraft:total_world_time":272022,"minecraft:fall_one_cm":7711},"minecraft:used":{"minecraft:netherite_sword":14,"minecraft:bricks":153,"minecraft:orange_concrete":1,"minecraft:command_block":30,"minecraft:red_concrete":1,"minecraft:grass_block":7,"armaduras_d:espada_celestial":4,"minecraft:stone_button":26,"minecraft:green_wool":1,"minecraft:blue_wool":1,"minecraft:magenta_concrete":2,"minecraft:stone":1,"minecraft:iron_sword":2,"minecraft:pink_concrete":1,"minecraft:purple_concrete":1,"minecraft:glowstone":531,"minecraft:dirt":50,"minecraft:lime_concrete":1,"minecraft:light_blue_concrete":1,"armaduras_d:nucleo_blocke":2,"immersive_aircraft:gyrodyne":2,"minecraft:netherite_pickaxe":1,"minecraft:yellow_concrete":1,"immersive_aircraft:biplane":3,"minecraft:coarse_dirt":2,"minecraft:granite":27,"minecraft:blue_concrete":1},"minecraft:mined":{"minecraft:grass_block":1,"armaduras_d:nucleo_blocke":1,"minecraft:green_wool":1},"minecraft:crafted":{"minecraft:totem_of_undying":5,"minecraft:iron_sword":1,"minecraft:air":0},"minecraft:killed":{"minecraft:skeleton":3,"minecraft:zombie":1,"minecraft:villager":4}},"DataVersion":2975}