{"stats":{"minecraft:dropped":{"minecraft:rotten_flesh":1,"minecraft:stone":1,"aquamirae:frozen_key":1,"minecraft:dirt":1},"minecraft:custom":{"minecraft:time_since_rest":24690,"minecraft:crouch_one_cm":875,"minecraft:damage_taken":90,"minecraft:sprint_one_cm":34891,"minecraft:play_time":48223,"minecraft:open_enderchest":1,"minecraft:deaths":1,"minecraft:walk_one_cm":15652,"minecraft:sneak_time":341,"minecraft:mob_kills":10,"minecraft:drop":7,"minecraft:jump":210,"minecraft:damage_dealt":1968,"minecraft:leave_game":5,"minecraft:time_since_death":24686,"minecraft:climb_one_cm":110,"minecraft:total_world_time":48223,"minecraft:fly_one_cm":252263},"minecraft:used":{"minecraft:netherite_sword":20,"minecraft:dirt":2,"minecraft:barrier":1,"tacz:gun_smith_table":1,"minecraft:stone":1},"minecraft:picked_up":{"minecraft:sugar":1,"aquamirae:frozen_key":1,"minecraft:bone":2,"minecraft:rotten_flesh":6,"minecraft:leather":3,"minecraft:lead":2,"minecraft:gunpowder":3,"minecraft:string":3},"minecraft:killed":{"minecraft:spider":2,"minecraft:skeleton":1,"minecraft:trader_llama":2,"minecraft:wandering_trader":1,"minecraft:zombie":2,"minecraft:witch":1,"minecraft:creeper":1}},"DataVersion":3465}