{"stats":{"minecraft:dropped":{"majruszsdifficulty:ender_pouch":1},"minecraft:custom":{"minecraft:time_since_rest":61421,"minecraft:deaths":2,"minecraft:crouch_one_cm":591,"minecraft:sprint_one_cm":51914,"minecraft:walk_one_cm":26927,"minecraft:play_time":78240,"minecraft:open_enderchest":5,"minecraft:damage_taken":3430,"minecraft:damage_absorbed":80,"minecraft:sneak_time":582,"minecraft:walk_under_water_one_cm":5345,"minecraft:mob_kills":2,"minecraft:drop":1,"minecraft:jump":278,"minecraft:damage_dealt":300,"minecraft:leave_game":8,"minecraft:time_since_death":60769,"minecraft:climb_one_cm":256,"minecraft:total_world_time":79016,"minecraft:fall_one_cm":42305,"minecraft:fly_one_cm":531958},"minecraft:used":{"minecraft:netherite_sword":4,"immersive_paintings:painting":1,"minecraft:command_block":1,"minecraft:grass_block":3,"minecraft:barrier":9,"minecraft:oak_wood":18,"minecraft:white_concrete":8,"minecraft:dark_oak_button":1,"minecraft:totem_of_undying":6},"minecraft:picked_up":{"minecraft:dark_oak_button":1,"minecraft:bone":2,"minecraft:glow_item_frame":2,"minecraft:filled_map":1,"majruszsdifficulty:ender_pouch":1},"minecraft:killed":{"minecraft:skeleton_horse":2}},"DataVersion":3465}