{"stats":{"minecraft:dropped":{"minecraft:dirt":1,"minecraft:stone":1,"minecraft:rotten_flesh":1,"minecraft:enchanted_golden_apple":2,"aquamirae:frozen_key":1,"minecraft:golden_apple":1},"minecraft:killed":{"minecraft:skeleton":1,"minecraft:trader_llama":2,"minecraft:zombie":2,"minecraft:witch":1,"minecraft:spider":2,"minecraft:wandering_trader":1,"minecraft:skeleton_horse":1,"minecraft:creeper":2},"minecraft:custom":{"minecraft:time_since_rest":3160,"minecraft:sprint_one_cm":43007,"minecraft:open_enderchest":1,"minecraft:damage_taken":790,"minecraft:walk_one_cm":27420,"minecraft:mob_kills":12,"minecraft:drop":10,"minecraft:damage_dealt":2348,"minecraft:fly_one_cm":369339,"minecraft:crouch_one_cm":1160,"minecraft:play_time":60520,"minecraft:deaths":8,"minecraft:sneak_time":496,"minecraft:walk_under_water_one_cm":2662,"minecraft:jump":268,"minecraft:leave_game":6,"minecraft:walk_on_water_one_cm":2088,"minecraft:time_since_death":3157,"minecraft:climb_one_cm":110,"minecraft:total_world_time":60520,"minecraft:fall_one_cm":3460},"minecraft:picked_up":{"aquamirae:frozen_key":1,"minecraft:leather":3,"minecraft:lead":2,"minecraft:sand":9,"minecraft:gunpowder":3,"minecraft:dark_oak_log":10,"minecraft:string":3,"minecraft:dirt":10,"minecraft:bone":4,"minecraft:rotten_flesh":6,"minecraft:sugar":1,"minecraft:golden_apple":1,"minecraft:enchanted_golden_apple":2},"minecraft:used":{"minecraft:creeper_spawn_egg":6,"minecraft:netherite_sword":24,"minecraft:dark_oak_log":8,"minecraft:grass_block":16,"minecraft:barrier":1,"tacz:gun_smith_table":1,"minecraft:stone":1,"minecraft:dirt":15,"minecraft:sand":4}},"DataVersion":3465}