{"stats":{"minecraft:dropped":{"majruszsdifficulty:ender_pouch":1},"minecraft:custom":{"minecraft:time_since_rest":49421,"minecraft:deaths":2,"minecraft:crouch_one_cm":428,"minecraft:sprint_one_cm":36230,"minecraft:walk_one_cm":24163,"minecraft:play_time":66240,"minecraft:open_enderchest":5,"minecraft:damage_taken":2980,"minecraft:damage_absorbed":80,"minecraft:sneak_time":526,"minecraft:walk_under_water_one_cm":5345,"minecraft:mob_kills":2,"minecraft:drop":1,"minecraft:jump":222,"minecraft:damage_dealt":300,"minecraft:leave_game":8,"minecraft:time_since_death":48769,"minecraft:climb_one_cm":256,"minecraft:total_world_time":67016,"minecraft:fall_one_cm":35614,"minecraft:fly_one_cm":509212},"minecraft:used":{"minecraft:netherite_sword":4,"immersive_paintings:painting":1,"minecraft:command_block":1,"minecraft:grass_block":3,"minecraft:barrier":9,"minecraft:oak_wood":18,"minecraft:white_concrete":8,"minecraft:dark_oak_button":1,"minecraft:totem_of_undying":5},"minecraft:picked_up":{"minecraft:dark_oak_button":1,"minecraft:bone":2,"minecraft:glow_item_frame":2,"minecraft:filled_map":1,"majruszsdifficulty:ender_pouch":1},"minecraft:killed":{"minecraft:skeleton_horse":2}},"DataVersion":3465}