{"stats":{"minecraft:picked_up":{"armaduras_d:dimensional_chestplate":1,"armaduras_d:dimensional_helmet":1,"armaduras_d:dimensional_leggings":1,"youre_seeing_dungeons:essence":1,"youre_seeing_dungeons:unreal_dagger":3,"armaduras_d:dimensional_boots":1},"minecraft:custom":{"minecraft:jump":178,"minecraft:time_since_rest":1393,"minecraft:damage_taken":30,"minecraft:leave_game":7,"minecraft:play_time":30335,"minecraft:sprint_one_cm":49902,"minecraft:walk_one_cm":30404,"minecraft:time_since_death":1350,"minecraft:deaths":12,"minecraft:sneak_time":4,"minecraft:total_world_time":30335,"minecraft:fall_one_cm":4200,"minecraft:fly_one_cm":49198}},"DataVersion":2975}