{"stats":{"minecraft:custom":{"minecraft:jump":36,"minecraft:time_since_rest":2930,"minecraft:damage_dealt":193,"minecraft:crouch_one_cm":576,"minecraft:deaths":1,"minecraft:sprint_one_cm":4618,"minecraft:play_time":5586,"minecraft:damage_taken":273,"minecraft:time_since_death":2886,"minecraft:walk_one_cm":14494,"minecraft:sneak_time":104,"minecraft:total_world_time":5586,"minecraft:fall_one_cm":209,"minecraft:fly_one_cm":4844},"minecraft:picked_up":{"youre_seeing_dungeons:unreal_dagger":1},"minecraft:killed_by":{"minecraft:player":1},"minecraft:used":{"youre_seeing_dungeons:unreal_dagger":7}},"DataVersion":2975}