{"stats":{"minecraft:dropped":{"armaduras_d:nucleo_blocke":1,"minecraft:command_block":1},"minecraft:picked_up":{"armaduras_d:dimensional_helmet":2,"armaduras_d:dimensional_leggings":2,"youre_seeing_dungeons:unnamed_documments":1,"armaduras_d:dimensional_boots":2,"armaduras_d:dimensional_chestplate":2,"armaduras_d:nucleo_blocke":67,"minecraft:gunpowder":1,"minecraft:netherite_pickaxe":1,"minecraft:string":6,"youre_seeing_dungeons:essence":2,"minecraft:arrow":4,"minecraft:bone":4,"youre_seeing_dungeons:unreal_dagger":3,"minecraft:command_block":2,"minecraft:rotten_flesh":8,"minecraft:netherite_helmet":1,"minecraft:ender_pearl":1},"minecraft:custom":{"minecraft:time_since_rest":5143,"minecraft:sprint_one_cm":166678,"minecraft:damage_taken":90,"minecraft:walk_one_cm":166093,"minecraft:mob_kills":5,"minecraft:drop":2,"minecraft:damage_dealt":980,"minecraft:talked_to_villager":6,"minecraft:fly_one_cm":516364,"minecraft:crouch_one_cm":5942,"minecraft:play_time":164583,"minecraft:deaths":30,"minecraft:sneak_time":2523,"minecraft:walk_under_water_one_cm":3723,"minecraft:jump":771,"minecraft:leave_game":27,"minecraft:walk_on_water_one_cm":136,"minecraft:time_since_death":5142,"minecraft:total_world_time":164583,"minecraft:fall_one_cm":5625},"minecraft:used":{"minecraft:netherite_sword":14,"minecraft:bricks":153,"minecraft:orange_concrete":1,"minecraft:command_block":29,"minecraft:red_concrete":1,"minecraft:grass_block":7,"minecraft:stone_button":23,"minecraft:blue_wool":1,"minecraft:magenta_concrete":2,"minecraft:stone":1,"minecraft:pink_concrete":1,"minecraft:glowstone":403,"minecraft:purple_concrete":1,"minecraft:dirt":49,"minecraft:lime_concrete":1,"minecraft:light_blue_concrete":1,"armaduras_d:nucleo_blocke":2,"minecraft:netherite_pickaxe":1,"minecraft:yellow_concrete":1,"minecraft:coarse_dirt":2,"minecraft:granite":27,"minecraft:blue_concrete":1},"minecraft:mined":{"armaduras_d:nucleo_blocke":1},"minecraft:killed":{"minecraft:skeleton":3,"minecraft:zombie":1,"minecraft:villager":1}},"DataVersion":2975}