{"stats":{"minecraft:picked_up":{"minecraft:dark_oak_button":1,"minecraft:bone":2,"minecraft:glow_item_frame":2,"minecraft:filled_map":1,"majruszsdifficulty:ender_pouch":1},"minecraft:killed":{"minecraft:skeleton_horse":2},"minecraft:custom":{"minecraft:time_since_rest":802,"minecraft:damage_absorbed":80,"minecraft:damage_taken":3440,"minecraft:crouch_one_cm":1543,"minecraft:sprint_one_cm":63754,"minecraft:play_time":134331,"minecraft:open_enderchest":6,"minecraft:deaths":3,"minecraft:walk_one_cm":56063,"minecraft:sneak_time":960,"minecraft:walk_under_water_one_cm":5345,"minecraft:mob_kills":2,"minecraft:drop":1,"minecraft:jump":357,"minecraft:damage_dealt":300,"minecraft:leave_game":20,"minecraft:time_since_death":796,"minecraft:climb_one_cm":256,"minecraft:total_world_time":135107,"minecraft:fall_one_cm":42640,"minecraft:fly_one_cm":581146},"minecraft:used":{"minecraft:netherite_sword":4,"minecraft:pink_concrete":1,"minecraft:birch_button":16,"minecraft:purple_concrete":1,"minecraft:lime_concrete":1,"minecraft:orange_concrete":1,"minecraft:command_block":17,"immersive_paintings:painting":1,"minecraft:red_concrete":1,"minecraft:grass_block":3,"minecraft:barrier":9,"minecraft:yellow_concrete":1,"minecraft:oak_wood":18,"minecraft:cyan_concrete":1,"minecraft:white_concrete":8,"minecraft:blue_concrete":1,"minecraft:dark_oak_button":1,"minecraft:totem_of_undying":6},"minecraft:dropped":{"majruszsdifficulty:ender_pouch":1}},"DataVersion":3465}