{"stats":{"minecraft:custom":{"minecraft:jump":28,"minecraft:time_since_rest":6690,"minecraft:leave_game":1,"minecraft:play_time":6690,"minecraft:sprint_one_cm":5430,"minecraft:damage_taken":20,"minecraft:time_since_death":6690,"minecraft:walk_one_cm":2919,"minecraft:sneak_time":153,"minecraft:climb_one_cm":256,"minecraft:total_world_time":7466,"minecraft:walk_under_water_one_cm":5345,"minecraft:fall_one_cm":404,"minecraft:fly_one_cm":94283},"minecraft:used":{"minecraft:oak_wood":15,"minecraft:grass_block":3}},"DataVersion":3465}