{"stats":{"minecraft:custom":{"minecraft:time_since_rest":28476,"minecraft:sprint_one_cm":38007,"minecraft:walk_one_cm":86148,"minecraft:mob_kills":5,"minecraft:damage_dealt":905,"minecraft:swim_one_cm":741,"minecraft:fly_one_cm":479903,"minecraft:crouch_one_cm":1147,"minecraft:sneak_time":1067,"minecraft:play_time":64053,"minecraft:deaths":2,"minecraft:walk_under_water_one_cm":168,"minecraft:jump":158,"minecraft:walk_on_water_one_cm":1072,"minecraft:leave_game":4,"minecraft:time_since_death":28472,"minecraft:total_world_time":64053,"minecraft:fall_one_cm":269},"minecraft:used":{"minecraft:quartz_bricks":2,"minecraft:black_concrete":1,"minecraft:crying_obsidian":7,"minecraft:orange_concrete":5,"minecraft:command_block":20,"minecraft:grass_block":2,"minecraft:red_concrete":3,"minecraft:barrier":85,"minecraft:stone_button":19,"minecraft:cyan_concrete":6,"youre_seeing_dungeons:unreal_dagger":18,"minecraft:pink_concrete":8,"minecraft:purple_concrete":3,"minecraft:lime_concrete":2,"scalinghealth:cursed_heart":41,"minecraft:red_banner":2,"minecraft:yellow_concrete":3,"minecraft:white_bed":2,"minecraft:acacia_planks":5,"minecraft:blue_concrete":2},"minecraft:picked_up":{"minecraft:barrier":1,"minecraft:red_banner":2,"minecraft:stone_button":10,"minecraft:bone":6,"minecraft:arrow":2,"minecraft:command_block":1,"minecraft:rotten_flesh":1,"minecraft:bow":1,"scalinghealth:cursed_heart":1},"minecraft:killed":{"minecraft:skeleton":2,"minecraft:zombie":1,"minecraft:skeleton_horse":2}},"DataVersion":2975}