{"stats":{"minecraft:picked_up":{"minecraft:leather":3,"minecraft:lead":2,"minecraft:jungle_button":2,"minecraft:gunpowder":3,"minecraft:string":3,"minecraft:dirt":10,"minecraft:lantern":3,"minecraft:bone":4,"minecraft:red_carpet":23,"dedsafio_by_forzaken:casino":1,"minecraft:enchanted_golden_apple":2,"aquamirae:frozen_key":1,"dedsafio_by_forzaken:alma_golem":1,"minecraft:sand":9,"dedsafio_by_forzaken:cuchara_normal":1,"minecraft:dark_oak_log":10,"dedsafio_by_forzaken:dedita_celeste":2,"minecraft:rotten_flesh":6,"minecraft:sugar":1,"minecraft:diamond":23,"minecraft:golden_apple":1,"minecraft:spruce_sign":1,"minecraft:totem_of_undying":1},"minecraft:mined":{"minecraft:diamond_ore":23},"minecraft:dropped":{"dedsafio_by_forzaken:cuchara_normal":1,"dedsafio_by_forzaken:casino":1,"minecraft:rotten_flesh":1,"minecraft:lantern":1,"minecraft:enchanted_golden_apple":2,"dedsafio_by_forzaken:alma_golem":1,"minecraft:totem_of_undying":1,"minecraft:golden_apple":1,"minecraft:dirt":1,"minecraft:stone":1,"aquamirae:frozen_key":1},"minecraft:killed":{"minecraft:witch":1,"minecraft:spider":2,"minecraft:wandering_trader":1,"minecraft:creeper":2,"minecraft:skeleton":1,"minecraft:trader_llama":2,"minecraft:zombie":2,"minecraft:skeleton_horse":1},"minecraft:used":{"iceandfire:lectern":1,"minecraft:water_bucket":120,"minecraft:netherite_sword":24,"minecraft:orange_concrete":1,"minecraft:birch_planks":176,"minecraft:red_concrete":1,"minecraft:polished_andesite":21,"dedsafio_by_forzaken:batidora_legendaria":2,"tacz:gun_smith_table":1,"minecraft:spruce_planks":1,"minecraft:ender_chest":2,"minecraft:stone":1,"minecraft:blue_concrete_powder":1,"minecraft:spruce_sign":6,"dedsafio_by_forzaken:altar_a":2,"minecraft:pink_concrete":1,"minecraft:dirt":15,"minecraft:sand":4,"minecraft:jungle_planks":317,"minecraft:yellow_concrete":1,"minecraft:oak_wood":19,"minecraft:blue_concrete":1,"minecraft:warped_planks":4,"minecraft:creeper_spawn_egg":6,"minecraft:black_concrete":32,"minecraft:dark_oak_log":8,"minecraft:command_block":11,"minecraft:lantern":13,"minecraft:grass_block":16,"minecraft:oak_button":8,"minecraft:barrier":437,"minecraft:cyan_concrete":1,"minecraft:diamond_ore":23,"minecraft:totem_of_undying":1,"minecraft:pink_stained_glass_pane":43,"minecraft:crimson_planks":463,"minecraft:purple_concrete":2,"minecraft:red_carpet":89,"minecraft:lime_concrete":1,"minecraft:warped_stairs":134,"iceandfire:podium_birch":9,"minecraft:jungle_button":4,"minecraft:mangrove_roots":59,"minecraft:netherite_pickaxe":23,"minecraft:bucket":11,"minecraft:white_concrete":18,"dedsafio_by_forzaken:taxi":3,"minecraft:gray_wool":1,"dedsafio_by_forzaken:casino":42},"minecraft:custom":{"minecraft:mob_kills":12,"minecraft:leave_game":17,"minecraft:time_since_death":32628,"minecraft:climb_one_cm":110,"minecraft:time_since_rest":32632,"minecraft:sprint_one_cm":160614,"minecraft:open_enderchest":5,"minecraft:damage_taken":2080,"minecraft:walk_one_cm":210405,"minecraft:drop":15,"minecraft:damage_dealt":2348,"minecraft:fly_one_cm":1363010,"minecraft:crouch_one_cm":9988,"minecraft:play_time":198485,"minecraft:deaths":9,"minecraft:sneak_time":5757,"minecraft:walk_under_water_one_cm":14347,"minecraft:jump":665,"minecraft:walk_on_water_one_cm":7166,"minecraft:total_world_time":198485,"minecraft:fall_one_cm":17592}},"DataVersion":3465}