{"stats":{"minecraft:dropped":{"minecraft:totem_of_undying":1},"minecraft:picked_up":{"minecraft:barrier":1,"minecraft:red_banner":2,"minecraft:stone_button":12,"minecraft:bone":6,"minecraft:arrow":2,"minecraft:command_block":3,"minecraft:rotten_flesh":1,"minecraft:black_concrete":2,"minecraft:bow":1,"scalinghealth:cursed_heart":1,"minecraft:totem_of_undying":3},"minecraft:custom":{"minecraft:time_since_rest":29326,"minecraft:sprint_one_cm":43064,"minecraft:damage_taken":2160,"minecraft:walk_one_cm":93287,"minecraft:mob_kills":5,"minecraft:drop":1,"minecraft:damage_dealt":905,"minecraft:swim_one_cm":741,"minecraft:fly_one_cm":491929,"minecraft:crouch_one_cm":1545,"minecraft:play_time":102225,"minecraft:sneak_time":1290,"minecraft:deaths":4,"minecraft:walk_under_water_one_cm":168,"minecraft:jump":246,"minecraft:walk_on_water_one_cm":1072,"minecraft:leave_game":8,"minecraft:time_since_death":29322,"minecraft:total_world_time":102225,"minecraft:fall_one_cm":25898},"minecraft:used":{"minecraft:quartz_bricks":2,"minecraft:black_concrete":3,"minecraft:crying_obsidian":7,"minecraft:orange_concrete":5,"minecraft:command_block":25,"minecraft:grass_block":2,"minecraft:red_concrete":3,"minecraft:barrier":85,"minecraft:stone_button":23,"minecraft:cyan_concrete":6,"youre_seeing_dungeons:unreal_dagger":18,"minecraft:totem_of_undying":5,"minecraft:pink_concrete":8,"minecraft:purple_concrete":3,"minecraft:lime_concrete":2,"scalinghealth:cursed_heart":41,"minecraft:red_banner":2,"minecraft:white_bed":2,"minecraft:yellow_concrete":3,"minecraft:acacia_planks":5,"minecraft:blue_concrete":2},"minecraft:killed":{"minecraft:skeleton":2,"minecraft:zombie":1,"minecraft:skeleton_horse":2}},"DataVersion":2975}