{"stats":{"minecraft:used":{"minecraft:barrier":80,"youre_seeing_dungeons:unreal_dagger":11,"minecraft:crying_obsidian":7},"minecraft:custom":{"minecraft:jump":60,"minecraft:time_since_rest":5094,"minecraft:crouch_one_cm":302,"minecraft:damage_dealt":602,"minecraft:sprint_one_cm":11137,"minecraft:play_time":5094,"minecraft:time_since_death":5094,"minecraft:walk_one_cm":12070,"minecraft:sneak_time":308,"minecraft:total_world_time":5094,"minecraft:mob_kills":3,"minecraft:fall_one_cm":269,"minecraft:fly_one_cm":88500},"minecraft:picked_up":{"minecraft:bone":2,"minecraft:arrow":2,"minecraft:rotten_flesh":1,"minecraft:bow":1},"minecraft:killed":{"minecraft:skeleton":2,"minecraft:zombie":1}},"DataVersion":2975}