{"stats":{"minecraft:custom":{"minecraft:time_since_rest":51081,"minecraft:sprint_one_cm":86154,"minecraft:open_enderchest":1,"minecraft:damage_taken":1530,"minecraft:walk_one_cm":101058,"minecraft:mob_kills":12,"minecraft:drop":12,"minecraft:damage_dealt":2348,"minecraft:fly_one_cm":639910,"minecraft:crouch_one_cm":4696,"minecraft:play_time":108441,"minecraft:deaths":8,"minecraft:sneak_time":3551,"minecraft:walk_under_water_one_cm":14347,"minecraft:jump":432,"minecraft:leave_game":9,"minecraft:walk_on_water_one_cm":6732,"minecraft:time_since_death":50674,"minecraft:climb_one_cm":110,"minecraft:total_world_time":108441,"minecraft:fall_one_cm":11886},"minecraft:used":{"minecraft:creeper_spawn_egg":6,"minecraft:netherite_sword":24,"minecraft:water_bucket":120,"minecraft:black_concrete":31,"minecraft:dark_oak_log":8,"minecraft:orange_concrete":1,"minecraft:command_block":8,"minecraft:red_concrete":1,"minecraft:grass_block":16,"minecraft:barrier":435,"minecraft:oak_button":8,"tacz:gun_smith_table":1,"minecraft:cyan_concrete":1,"minecraft:ender_chest":2,"minecraft:stone":1,"minecraft:spruce_sign":4,"minecraft:pink_stained_glass_pane":43,"minecraft:pink_concrete":1,"minecraft:sand":4,"minecraft:purple_concrete":2,"minecraft:red_carpet":39,"minecraft:dirt":15,"minecraft:lime_concrete":1,"minecraft:mangrove_roots":59,"minecraft:yellow_concrete":1,"minecraft:bucket":11,"minecraft:white_concrete":18,"dedsafio_by_forzaken:casino":41,"minecraft:blue_concrete":1},"minecraft:picked_up":{"aquamirae:frozen_key":1,"minecraft:leather":3,"minecraft:lead":2,"minecraft:sand":9,"minecraft:gunpowder":3,"minecraft:dark_oak_log":10,"minecraft:dirt":10,"minecraft:string":3,"dedsafio_by_forzaken:casino":1,"minecraft:bone":4,"minecraft:red_carpet":21,"minecraft:rotten_flesh":6,"minecraft:sugar":1,"minecraft:golden_apple":1,"minecraft:totem_of_undying":1,"minecraft:enchanted_golden_apple":2},"minecraft:dropped":{"minecraft:dirt":1,"minecraft:stone":1,"dedsafio_by_forzaken:casino":1,"minecraft:rotten_flesh":1,"minecraft:enchanted_golden_apple":2,"minecraft:totem_of_undying":1,"aquamirae:frozen_key":1,"minecraft:golden_apple":1},"minecraft:killed":{"minecraft:skeleton":1,"minecraft:trader_llama":2,"minecraft:zombie":2,"minecraft:witch":1,"minecraft:spider":2,"minecraft:wandering_trader":1,"minecraft:skeleton_horse":1,"minecraft:creeper":2}},"DataVersion":3465}