{"stats":{"minecraft:killed":{"dedsafio_by_forzaken:taxi_23":1},"minecraft:killed_by":{"minecraft:player":1,"dedsafio_by_forzaken:creeper_cake":1},"minecraft:mined":{"minecraft:grass":1},"minecraft:custom":{"minecraft:time_since_rest":13308,"minecraft:sprint_one_cm":9295,"minecraft:damage_absorbed":160,"minecraft:damage_taken":810,"minecraft:walk_one_cm":16910,"minecraft:mob_kills":2,"minecraft:drop":15,"minecraft:damage_dealt":183,"minecraft:fly_one_cm":32713,"minecraft:crouch_one_cm":403,"minecraft:play_time":37022,"minecraft:deaths":6,"minecraft:sneak_time":181,"minecraft:jump":98,"minecraft:leave_game":5,"minecraft:time_since_death":13303,"minecraft:damage_resisted":55,"minecraft:total_world_time":37022,"minecraft:fall_one_cm":1788},"minecraft:used":{"dedsafio_by_forzaken:armadura_infernal_helmet":3,"dedsafio_by_forzaken:armadura_infernal_leggings":3,"minecraft:armor_stand":1,"minecraft:spruce_pressure_plate":1,"dedsafio_by_forzaken:armadura_infernal_boots":2,"dedsafio_by_forzaken:altar_a":2,"dedsafio_by_forzaken:creeper_cake_spawn_egg":2,"dedsafio_by_forzaken:armadura_infernal_chestplate":2,"minecraft:dirt":14,"dedsafio_by_forzaken:creeper_warden_spawn_egg":2,"minecraft:enchanted_golden_apple":3,"dedsafio_by_forzaken:taxi":1,"dedsafio_by_forzaken:casino":1,"minecraft:snowball":25,"minecraft:splash_potion":4},"minecraft:dropped":{"dedsafio_by_forzaken:armadura_infernal_chestplate":2,"dedsafio_by_forzaken:dedita_gold":1,"dedsafio_by_forzaken:rodillo":1,"dedsafio_by_forzaken:totem_nutria":1,"dedsafio_by_forzaken:armadura_infernal_boots":3,"minecraft:enchanted_golden_apple":2,"dedsafio_by_forzaken:armadura_infernal_helmet":2,"dedsafio_by_forzaken:armadura_infernal_leggings":2,"minecraft:golden_apple":1},"minecraft:picked_up":{"dedsafio_by_forzaken:creeper_warden_spawn_egg":64,"dedsafio_by_forzaken:totem_nutria":1,"dedsafio_by_forzaken:armadura_infernal_leggings":2,"minecraft:dirt":29,"dedsafio_by_forzaken:armadura_infernal_chestplate":1,"dedsafio_by_forzaken:infernal_sword":1,"dedsafio_by_forzaken:taxi":1,"dedsafio_by_forzaken:dedita_gold":1,"minecraft:rotten_flesh":2,"dedsafio_by_forzaken:armadura_infernal_boots":3,"minecraft:golden_apple":1,"dedsafio_by_forzaken:armadura_infernal_helmet":1,"minecraft:enchanted_golden_apple":2,"dedsafio_by_forzaken:rodillo":1,"dedsafio_by_forzaken:creeper_cake_spawn_egg":63,"minecraft:snowball":72}},"DataVersion":3465}