{"stats":{"minecraft:used":{"minecraft:glowstone":290,"minecraft:dirt":45},"minecraft:dropped":{"minecraft:command_block":1},"minecraft:picked_up":{"youre_seeing_dungeons:essence":2,"armaduras_d:dimensional_leggings":2,"armaduras_d:dimensional_helmet":2,"youre_seeing_dungeons:unnamed_documments":1,"youre_seeing_dungeons:unreal_dagger":3,"minecraft:command_block":2,"armaduras_d:dimensional_boots":2,"armaduras_d:dimensional_chestplate":2},"minecraft:custom":{"minecraft:time_since_rest":13,"minecraft:crouch_one_cm":350,"minecraft:sprint_one_cm":91485,"minecraft:play_time":54335,"minecraft:deaths":17,"minecraft:damage_taken":50,"minecraft:walk_one_cm":39617,"minecraft:sneak_time":167,"minecraft:walk_under_water_one_cm":579,"minecraft:drop":1,"minecraft:jump":266,"minecraft:leave_game":7,"minecraft:walk_on_water_one_cm":36,"minecraft:time_since_death":6,"minecraft:total_world_time":54335,"minecraft:fall_one_cm":4815,"minecraft:fly_one_cm":275962}},"DataVersion":2975}