{"stats":{"minecraft:dropped":{"minecraft:rotten_flesh":1},"minecraft:custom":{"minecraft:jump":77,"minecraft:time_since_rest":15370,"minecraft:damage_dealt":201,"minecraft:crouch_one_cm":395,"minecraft:leave_game":2,"minecraft:play_time":15370,"minecraft:sprint_one_cm":10153,"minecraft:damage_taken":90,"minecraft:time_since_death":15370,"minecraft:walk_one_cm":5946,"minecraft:sneak_time":95,"minecraft:total_world_time":15370,"minecraft:mob_kills":1,"minecraft:drop":4,"minecraft:fly_one_cm":87686},"minecraft:killed":{"minecraft:skeleton":1},"minecraft:picked_up":{"minecraft:bone":1,"minecraft:rotten_flesh":2}},"DataVersion":3465}