{"stats":{"minecraft:custom":{"minecraft:damage_taken":50,"minecraft:play_time":67685,"minecraft:time_since_rest":13363,"minecraft:walk_one_cm":68385,"minecraft:crouch_one_cm":1171,"minecraft:sprint_one_cm":104755,"minecraft:deaths":17,"minecraft:sneak_time":387,"minecraft:walk_under_water_one_cm":1490,"minecraft:drop":1,"minecraft:jump":298,"minecraft:leave_game":8,"minecraft:time_since_death":13356,"minecraft:walk_on_water_one_cm":115,"minecraft:total_world_time":67685,"minecraft:fall_one_cm":5084,"minecraft:fly_one_cm":337737},"minecraft:picked_up":{"youre_seeing_dungeons:essence":2,"armaduras_d:dimensional_leggings":2,"armaduras_d:dimensional_helmet":2,"armaduras_d:dimensional_boots":2,"youre_seeing_dungeons:unreal_dagger":3,"youre_seeing_dungeons:unnamed_documments":1,"minecraft:bone":2,"minecraft:arrow":1,"minecraft:command_block":2,"minecraft:rotten_flesh":8,"armaduras_d:dimensional_chestplate":2,"minecraft:gunpowder":1,"minecraft:string":6,"minecraft:ender_pearl":1},"minecraft:dropped":{"minecraft:command_block":1},"minecraft:used":{"minecraft:bricks":153,"minecraft:command_block":20,"minecraft:red_concrete":1,"minecraft:stone_button":4,"minecraft:granite":27,"minecraft:glowstone":365,"minecraft:dirt":45}},"DataVersion":2975}