{"stats":{"minecraft:killed":{"minecraft:zombie":3,"minecraft:skeleton_horse":2},"minecraft:custom":{"minecraft:time_since_rest":72968,"minecraft:walk_one_cm":113964,"minecraft:sprint_one_cm":89248,"minecraft:open_enderchest":11,"minecraft:damage_taken":4500,"minecraft:damage_absorbed":125,"minecraft:mob_kills":5,"minecraft:drop":1,"minecraft:damage_dealt":840,"minecraft:fly_one_cm":1003039,"minecraft:crouch_one_cm":5043,"minecraft:play_time":214220,"minecraft:deaths":5,"minecraft:sneak_time":2374,"minecraft:walk_under_water_one_cm":9961,"minecraft:jump":552,"minecraft:time_since_death":72968,"minecraft:leave_game":27,"minecraft:walk_on_water_one_cm":444,"minecraft:total_world_time":214996,"minecraft:climb_one_cm":1477,"minecraft:fall_one_cm":50679},"minecraft:picked_up":{"minecraft:dark_oak_button":1,"minecraft:glow_item_frame":2,"minecraft:golden_leggings":1,"minecraft:filled_map":1,"minecraft:dirt":2,"minecraft:bone":2,"minecraft:rotten_flesh":1},"minecraft:used":{"minecraft:netherite_sword":12,"minecraft:jungle_leaves":36,"minecraft:orange_concrete":1,"immersive_paintings:painting":2,"minecraft:command_block":18,"minecraft:red_concrete":1,"minecraft:grass_block":5,"minecraft:barrier":18,"minecraft:jungle_log":2,"minecraft:cyan_concrete":1,"minecraft:ender_chest":2,"minecraft:zombie_spawn_egg":5,"minecraft:dark_oak_button":1,"minecraft:totem_of_undying":10,"minecraft:golden_leggings":1,"minecraft:pink_concrete":1,"dedsafio_by_forzaken:creeper_cake_spawn_egg":2,"minecraft:birch_button":17,"minecraft:purple_concrete":1,"minecraft:dirt":12,"minecraft:lime_concrete":1,"minecraft:yellow_concrete":1,"minecraft:oak_wood":18,"minecraft:white_concrete":8,"dedsafio_by_forzaken:casino":40,"minecraft:blue_concrete":1,"dedsafio_by_forzaken:infernal_bull_spawn_egg":1}},"DataVersion":3465}