{"stats":{"minecraft:killed_by":{"minecraft:player":1},"minecraft:custom":{"minecraft:open_chest":1,"minecraft:time_since_rest":11808,"minecraft:crouch_one_cm":1984,"minecraft:sprint_one_cm":17444,"minecraft:play_time":56788,"minecraft:deaths":3,"minecraft:damage_taken":323,"minecraft:walk_one_cm":49914,"minecraft:sneak_time":905,"minecraft:walk_under_water_one_cm":2434,"minecraft:mob_kills":1,"minecraft:drop":1,"minecraft:jump":143,"minecraft:damage_dealt":604,"minecraft:leave_game":4,"minecraft:time_since_death":11783,"minecraft:walk_on_water_one_cm":870,"minecraft:total_world_time":56788,"minecraft:fall_one_cm":965,"minecraft:fly_one_cm":247309,"minecraft:player_kills":1},"minecraft:killed":{"stalwart_dungeons:reinforced_blaze":1},"minecraft:picked_up":{"stalwart_dungeons:blaze_armor_scrap":1,"youre_seeing_dungeons:unreal_dagger":1,"minecraft:bread":74,"minecraft:grass_block":64,"minecraft:blaze_rod":2},"minecraft:dropped":{"youre_seeing_dungeons:unreal_dagger":1},"minecraft:used":{"minecraft:torch":431,"minecraft:glowstone":120,"armaduras_d:espada_belica":2,"minecraft:grass_block":1,"minecraft:granite":1,"youre_seeing_dungeons:unreal_dagger":10,"stalwart_dungeons:reinforced_blaze_spawn_egg":1}},"DataVersion":2975}