{"stats":{"minecraft:dropped":{"armaduras_d:nucleo_blocke":1,"minecraft:command_block":1},"minecraft:custom":{"minecraft:time_since_rest":4512,"minecraft:sprint_one_cm":150022,"minecraft:damage_taken":90,"minecraft:walk_one_cm":139839,"minecraft:mob_kills":4,"minecraft:drop":2,"minecraft:damage_dealt":780,"minecraft:fly_one_cm":473717,"minecraft:crouch_one_cm":4579,"minecraft:play_time":138382,"minecraft:deaths":26,"minecraft:sneak_time":1963,"minecraft:walk_under_water_one_cm":1490,"minecraft:jump":688,"minecraft:leave_game":19,"minecraft:walk_on_water_one_cm":115,"minecraft:time_since_death":4509,"minecraft:total_world_time":138382,"minecraft:fall_one_cm":5625},"minecraft:used":{"minecraft:netherite_sword":11,"minecraft:bricks":153,"minecraft:orange_concrete":1,"minecraft:command_block":28,"minecraft:red_concrete":1,"minecraft:grass_block":7,"minecraft:stone_button":22,"minecraft:blue_wool":1,"minecraft:magenta_concrete":2,"minecraft:pink_concrete":1,"minecraft:glowstone":384,"minecraft:purple_concrete":1,"minecraft:dirt":45,"minecraft:lime_concrete":1,"minecraft:light_blue_concrete":1,"armaduras_d:nucleo_blocke":2,"minecraft:netherite_pickaxe":1,"minecraft:yellow_concrete":1,"minecraft:granite":27,"minecraft:blue_concrete":1},"minecraft:mined":{"armaduras_d:nucleo_blocke":1},"minecraft:picked_up":{"armaduras_d:dimensional_helmet":2,"armaduras_d:dimensional_leggings":2,"youre_seeing_dungeons:unnamed_documments":1,"armaduras_d:dimensional_boots":2,"armaduras_d:dimensional_chestplate":2,"armaduras_d:nucleo_blocke":67,"minecraft:gunpowder":1,"minecraft:netherite_pickaxe":1,"minecraft:string":6,"youre_seeing_dungeons:essence":2,"minecraft:arrow":4,"minecraft:bone":4,"youre_seeing_dungeons:unreal_dagger":3,"minecraft:command_block":2,"minecraft:rotten_flesh":8,"minecraft:netherite_helmet":1,"minecraft:ender_pearl":1},"minecraft:killed":{"minecraft:skeleton":3,"minecraft:zombie":1}},"DataVersion":2975}