{"stats":{"minecraft:custom":{"minecraft:time_since_rest":2694,"minecraft:sprint_one_cm":190890,"minecraft:damage_taken":90,"minecraft:walk_one_cm":205273,"minecraft:mob_kills":9,"minecraft:drop":12,"minecraft:damage_dealt":1660,"minecraft:talked_to_villager":7,"minecraft:fly_one_cm":610683,"minecraft:crouch_one_cm":8935,"minecraft:play_time":213007,"minecraft:deaths":45,"minecraft:sneak_time":2985,"minecraft:walk_under_water_one_cm":3723,"minecraft:jump":980,"minecraft:leave_game":38,"minecraft:time_since_death":2689,"minecraft:walk_on_water_one_cm":136,"minecraft:total_world_time":213007,"minecraft:fall_one_cm":5625},"minecraft:killed":{"minecraft:skeleton":3,"minecraft:trader_llama":2,"minecraft:zombie":1,"dedsafio_by_forzaken:creeper_cake":1,"minecraft:wandering_trader":1,"minecraft:villager":1},"minecraft:used":{"minecraft:netherite_sword":14,"minecraft:bricks":153,"minecraft:orange_concrete":1,"minecraft:command_block":29,"minecraft:red_concrete":1,"minecraft:grass_block":9,"minecraft:brick_stairs":4,"minecraft:stone_button":23,"minecraft:blue_wool":1,"minecraft:magenta_concrete":2,"minecraft:stone":1,"minecraft:pink_concrete":1,"minecraft:purple_concrete":1,"dedsafio_by_forzaken:creeper_cake_spawn_egg":1,"minecraft:glowstone":403,"minecraft:dirt":49,"minecraft:lime_concrete":1,"dedsafio_by_forzaken:infernal_sword":6,"minecraft:light_blue_concrete":1,"dedsafio_by_forzaken:espada_fantasmal":3,"minecraft:netherite_pickaxe":1,"minecraft:yellow_concrete":1,"minecraft:coarse_dirt":2,"minecraft:granite":28,"minecraft:blue_concrete":1,"minecraft:oak_fence_gate":3},"minecraft:picked_up":{"dedsafio_by_forzaken:tenedor":1,"minecraft:lead":2,"dedsafio_by_forzaken:totem_nutria":2,"minecraft:stone_button":1,"dedsafio_by_forzaken:cuchara_normal":1,"minecraft:gunpowder":1,"minecraft:grass_block":3,"minecraft:netherite_pickaxe":1,"minecraft:string":6,"dedsafio_by_forzaken:dedita_gold":1,"minecraft:bone":4,"minecraft:arrow":4,"minecraft:command_block":2,"minecraft:rotten_flesh":8,"minecraft:netherite_helmet":1,"dedsafio_by_forzaken:infernal_ingots":1,"minecraft:golden_apple":1,"minecraft:cyan_candle":1,"dedsafio_by_forzaken:totem_eon_1":1,"minecraft:ender_pearl":1,"dedsafio_by_forzaken:manzana":1},"minecraft:dropped":{"dedsafio_by_forzaken:cuchara_normal":1,"dedsafio_by_forzaken:tenedor":1,"dedsafio_by_forzaken:totem_eon_1":1,"dedsafio_by_forzaken:dedita_gold":1,"dedsafio_by_forzaken:totem_nutria":2,"dedsafio_by_forzaken:manzana":1,"dedsafio_by_forzaken:infernal_ingots":1,"minecraft:cyan_candle":1,"minecraft:command_block":1,"minecraft:golden_apple":1}},"DataVersion":3465}