{"stats":{"minecraft:custom":{"minecraft:time_since_rest":30442,"minecraft:deaths":2,"minecraft:crouch_one_cm":280,"minecraft:sprint_one_cm":23566,"minecraft:walk_one_cm":13129,"minecraft:play_time":47261,"minecraft:open_enderchest":3,"minecraft:damage_taken":1880,"minecraft:damage_absorbed":80,"minecraft:sneak_time":364,"minecraft:walk_under_water_one_cm":5345,"minecraft:drop":1,"minecraft:jump":133,"minecraft:leave_game":6,"minecraft:time_since_death":30417,"minecraft:climb_one_cm":256,"minecraft:total_world_time":48037,"minecraft:fall_one_cm":24072,"minecraft:fly_one_cm":421826},"minecraft:dropped":{"majruszsdifficulty:ender_pouch":1},"minecraft:picked_up":{"minecraft:dark_oak_button":1,"majruszsdifficulty:ender_pouch":1},"minecraft:used":{"minecraft:command_block":1,"minecraft:grass_block":3,"minecraft:oak_wood":18,"minecraft:dark_oak_button":1,"minecraft:totem_of_undying":4}},"DataVersion":3465}