{"stats":{"minecraft:custom":{"minecraft:time_since_rest":3154,"minecraft:sprint_one_cm":40577,"minecraft:damage_taken":1590,"minecraft:walk_one_cm":91104,"minecraft:mob_kills":5,"minecraft:damage_dealt":905,"minecraft:swim_one_cm":741,"minecraft:fly_one_cm":486685,"minecraft:crouch_one_cm":1479,"minecraft:sneak_time":1221,"minecraft:play_time":76053,"minecraft:deaths":4,"minecraft:walk_under_water_one_cm":168,"minecraft:jump":200,"minecraft:walk_on_water_one_cm":1072,"minecraft:leave_game":4,"minecraft:time_since_death":3150,"minecraft:total_world_time":76053,"minecraft:fall_one_cm":18979},"minecraft:used":{"minecraft:quartz_bricks":2,"minecraft:black_concrete":3,"minecraft:crying_obsidian":7,"minecraft:orange_concrete":5,"minecraft:command_block":25,"minecraft:grass_block":2,"minecraft:red_concrete":3,"minecraft:barrier":85,"minecraft:stone_button":23,"minecraft:cyan_concrete":6,"youre_seeing_dungeons:unreal_dagger":18,"minecraft:totem_of_undying":3,"minecraft:pink_concrete":8,"minecraft:purple_concrete":3,"minecraft:lime_concrete":2,"scalinghealth:cursed_heart":41,"minecraft:red_banner":2,"minecraft:yellow_concrete":3,"minecraft:white_bed":2,"minecraft:acacia_planks":5,"minecraft:blue_concrete":2},"minecraft:picked_up":{"minecraft:barrier":1,"minecraft:red_banner":2,"minecraft:stone_button":12,"minecraft:bone":6,"minecraft:arrow":2,"minecraft:command_block":3,"minecraft:rotten_flesh":1,"minecraft:black_concrete":2,"minecraft:bow":1,"minecraft:totem_of_undying":2,"scalinghealth:cursed_heart":1},"minecraft:killed":{"minecraft:skeleton":2,"minecraft:zombie":1,"minecraft:skeleton_horse":2}},"DataVersion":2975}