{"stats":{"minecraft:custom":{"minecraft:jump":455,"minecraft:time_since_rest":8029,"minecraft:damage_dealt":1143,"minecraft:damage_taken":1241,"minecraft:leave_game":1,"minecraft:crouch_one_cm":1544,"minecraft:time_since_death":7998,"minecraft:play_time":26827,"minecraft:sprint_one_cm":58447,"minecraft:walk_one_cm":52533,"minecraft:deaths":3,"minecraft:sneak_time":553,"minecraft:total_world_time":26827,"minecraft:drop":1,"minecraft:fall_one_cm":13749,"minecraft:fly_one_cm":106309,"minecraft:player_kills":2,"minecraft:walk_on_water_one_cm":154},"minecraft:picked_up":{"youre_seeing_dungeons:unreal_dagger":4,"minecraft:bread":66},"minecraft:dropped":{"youre_seeing_dungeons:unreal_dagger":1},"minecraft:killed_by":{"minecraft:player":3},"minecraft:used":{"minecraft:bread":7,"youre_seeing_dungeons:unreal_dagger":28}},"DataVersion":2975}