{"stats":{"minecraft:custom":{"minecraft:time_since_rest":4614,"minecraft:crouch_one_cm":2321,"minecraft:sprint_one_cm":135952,"minecraft:play_time":85953,"minecraft:deaths":5,"minecraft:damage_taken":2369,"minecraft:walk_one_cm":115423,"minecraft:sneak_time":852,"minecraft:drop":3,"minecraft:jump":1081,"minecraft:damage_dealt":1966,"minecraft:leave_game":6,"minecraft:walk_on_water_one_cm":154,"minecraft:time_since_death":4163,"minecraft:total_world_time":85953,"minecraft:fall_one_cm":36326,"minecraft:fly_one_cm":255600,"minecraft:player_kills":4},"minecraft:picked_up":{"youre_seeing_dungeons:unreal_dagger":7,"minecraft:bread":222},"minecraft:killed_by":{"minecraft:player":5},"minecraft:dropped":{"minecraft:bread":40,"youre_seeing_dungeons:unreal_dagger":2},"minecraft:used":{"minecraft:bread":15,"youre_seeing_dungeons:unreal_dagger":48}},"DataVersion":2975}