{"stats":{"minecraft:custom":{"minecraft:jump":985,"minecraft:damage_dealt":1456,"minecraft:time_since_rest":38373,"minecraft:damage_taken":1727,"minecraft:leave_game":6,"minecraft:time_since_death":38356,"minecraft:crouch_one_cm":2179,"minecraft:play_time":72932,"minecraft:walk_one_cm":102603,"minecraft:sprint_one_cm":127243,"minecraft:deaths":4,"minecraft:walk_on_water_one_cm":154,"minecraft:sneak_time":761,"minecraft:total_world_time":72932,"minecraft:fall_one_cm":35432,"minecraft:drop":1,"minecraft:fly_one_cm":237270,"minecraft:player_kills":2},"minecraft:picked_up":{"youre_seeing_dungeons:unreal_dagger":5,"minecraft:bread":118},"minecraft:dropped":{"youre_seeing_dungeons:unreal_dagger":1},"minecraft:killed_by":{"minecraft:player":4},"minecraft:used":{"youre_seeing_dungeons:unreal_dagger":34,"minecraft:bread":13}},"DataVersion":2975}