{"stats":{"minecraft:custom":{"minecraft:jump":934,"minecraft:damage_dealt":1313,"minecraft:time_since_rest":35419,"minecraft:damage_taken":1624,"minecraft:leave_game":4,"minecraft:time_since_death":35402,"minecraft:crouch_one_cm":2104,"minecraft:play_time":69978,"minecraft:walk_one_cm":100059,"minecraft:sprint_one_cm":126213,"minecraft:deaths":4,"minecraft:walk_on_water_one_cm":154,"minecraft:sneak_time":730,"minecraft:total_world_time":69978,"minecraft:fall_one_cm":35432,"minecraft:drop":1,"minecraft:fly_one_cm":234552,"minecraft:player_kills":2},"minecraft:picked_up":{"youre_seeing_dungeons:unreal_dagger":5,"minecraft:bread":118},"minecraft:dropped":{"youre_seeing_dungeons:unreal_dagger":1},"minecraft:killed_by":{"minecraft:player":4},"minecraft:used":{"youre_seeing_dungeons:unreal_dagger":33,"minecraft:bread":13}},"DataVersion":2975}