{"stats":{"minecraft:custom":{"minecraft:jump":20,"minecraft:time_since_rest":186,"minecraft:damage_dealt":258,"minecraft:crouch_one_cm":470,"minecraft:deaths":1,"minecraft:sprint_one_cm":4118,"minecraft:play_time":2827,"minecraft:damage_taken":288,"minecraft:time_since_death":142,"minecraft:walk_one_cm":8278,"minecraft:sneak_time":133,"minecraft:total_world_time":2827,"minecraft:fly_one_cm":2555},"minecraft:killed_by":{"minecraft:player":1},"minecraft:used":{"youre_seeing_dungeons:unreal_dagger":5}},"DataVersion":2975}