{"stats":{"minecraft:custom":{"minecraft:jump":510,"minecraft:damage_dealt":1313,"minecraft:time_since_rest":4028,"minecraft:damage_taken":1500,"minecraft:leave_game":2,"minecraft:play_time":38587,"minecraft:crouch_one_cm":1569,"minecraft:time_since_death":4011,"minecraft:walk_one_cm":72684,"minecraft:sprint_one_cm":71459,"minecraft:deaths":4,"minecraft:walk_on_water_one_cm":154,"minecraft:sneak_time":574,"minecraft:total_world_time":38587,"minecraft:fall_one_cm":14167,"minecraft:drop":1,"minecraft:fly_one_cm":118404,"minecraft:player_kills":2},"minecraft:picked_up":{"youre_seeing_dungeons:unreal_dagger":5,"minecraft:bread":118},"minecraft:dropped":{"youre_seeing_dungeons:unreal_dagger":1},"minecraft:killed_by":{"minecraft:player":4},"minecraft:used":{"youre_seeing_dungeons:unreal_dagger":33,"minecraft:bread":7}},"DataVersion":2975}