{"stats":{"minecraft:custom":{"minecraft:jump":1037,"minecraft:damage_dealt":1765,"minecraft:time_since_rest":45394,"minecraft:damage_taken":1855,"minecraft:leave_game":6,"minecraft:play_time":79953,"minecraft:crouch_one_cm":2321,"minecraft:time_since_death":45377,"minecraft:walk_one_cm":112270,"minecraft:sprint_one_cm":131538,"minecraft:deaths":4,"minecraft:walk_on_water_one_cm":154,"minecraft:sneak_time":852,"minecraft:total_world_time":79953,"minecraft:fall_one_cm":35908,"minecraft:drop":1,"minecraft:fly_one_cm":247425,"minecraft:player_kills":3},"minecraft:picked_up":{"youre_seeing_dungeons:unreal_dagger":5,"minecraft:bread":118},"minecraft:dropped":{"youre_seeing_dungeons:unreal_dagger":1},"minecraft:killed_by":{"minecraft:player":4},"minecraft:used":{"youre_seeing_dungeons:unreal_dagger":43,"minecraft:bread":15}},"DataVersion":2975}