{"stats":{"minecraft:custom":{"minecraft:jump":142,"minecraft:time_since_rest":6539,"minecraft:damage_dealt":926,"minecraft:damage_taken":716,"minecraft:leave_game":1,"minecraft:crouch_one_cm":1119,"minecraft:time_since_death":6508,"minecraft:play_time":14827,"minecraft:sprint_one_cm":17796,"minecraft:walk_one_cm":34013,"minecraft:deaths":2,"minecraft:sneak_time":361,"minecraft:total_world_time":14827,"minecraft:fall_one_cm":1463,"minecraft:fly_one_cm":29019,"minecraft:player_kills":2},"minecraft:picked_up":{"youre_seeing_dungeons:unreal_dagger":2,"minecraft:bread":10},"minecraft:killed_by":{"minecraft:player":2},"minecraft:used":{"minecraft:bread":2,"youre_seeing_dungeons:unreal_dagger":21}},"DataVersion":2975}