{"stats":{"minecraft:custom":{"minecraft:jump":733,"minecraft:damage_dealt":1313,"minecraft:time_since_rest":27990,"minecraft:damage_taken":1614,"minecraft:leave_game":3,"minecraft:time_since_death":27973,"minecraft:crouch_one_cm":2104,"minecraft:play_time":62549,"minecraft:walk_one_cm":96559,"minecraft:sprint_one_cm":108135,"minecraft:deaths":4,"minecraft:walk_on_water_one_cm":154,"minecraft:sneak_time":730,"minecraft:total_world_time":62549,"minecraft:fall_one_cm":32627,"minecraft:drop":1,"minecraft:fly_one_cm":191492,"minecraft:player_kills":2},"minecraft:picked_up":{"youre_seeing_dungeons:unreal_dagger":5,"minecraft:bread":118},"minecraft:dropped":{"youre_seeing_dungeons:unreal_dagger":1},"minecraft:killed_by":{"minecraft:player":4},"minecraft:used":{"youre_seeing_dungeons:unreal_dagger":33,"minecraft:bread":10}},"DataVersion":2975}