{"stats":{"minecraft:custom":{"minecraft:jump":520,"minecraft:damage_dealt":1313,"minecraft:time_since_rest":15990,"minecraft:damage_taken":1599,"minecraft:leave_game":3,"minecraft:time_since_death":15973,"minecraft:crouch_one_cm":2057,"minecraft:play_time":50549,"minecraft:walk_one_cm":86138,"minecraft:sprint_one_cm":75373,"minecraft:deaths":4,"minecraft:walk_on_water_one_cm":154,"minecraft:sneak_time":686,"minecraft:total_world_time":50549,"minecraft:fall_one_cm":14585,"minecraft:drop":1,"minecraft:fly_one_cm":120230,"minecraft:player_kills":2},"minecraft:picked_up":{"youre_seeing_dungeons:unreal_dagger":5,"minecraft:bread":118},"minecraft:dropped":{"youre_seeing_dungeons:unreal_dagger":1},"minecraft:killed_by":{"minecraft:player":4},"minecraft:used":{"youre_seeing_dungeons:unreal_dagger":33,"minecraft:bread":8}},"DataVersion":2975}