{"stat.pickup.hbm.machine_reactor_small":1,"stat.walkOneCm":23907,"stat.drop.minecraft.wooden_pickaxe":1,"stat.leaveGame":1,"stat.pickup.familiarfauna.snail_shell":1,"stat.craftItem.minecraft.crafting_table":1,"stat.mineBlock.minecraft.double_plant":1,"stat.pickup.minecraft.log":5,"stat.jump":191,"stat.fallOneCm":5585,"stat.pickup.minecraft.porkchop":8,"stat.pickup.minecraft.stone":1,"stat.crouchOneCm":62,"stat.pickup.minecraft.dirt":5,"stat.useItem.minecraft.dirt":3,"stat.sprintOneCm":15988,"stat.useItem.minecraft.stone_slab2":5,"stat.craftItem.minecraft.stick":12,"stat.craftingTableInteraction":4,"stat.craftItem.minecraft.planks":20,"stat.pickup.minecraft.wooden_pickaxe":1,"stat.damageTaken":304,"stat.craftItem.minecraft.stone_pickaxe":1,"stat.mineBlock.minecraft.red_flower":1,"stat.useItem.minecraft.wooden_pickaxe":10,"stat.pickup.minecraft.cobblestone":10,"stat.mobKills":5,"stat.mineBlock.minecraft.log":5,"stat.craftItem.minecraft.stone_sword":1,"stat.flyOneCm":57263,"stat.deaths":1,"stat.pickup.minecraft.wheat_seeds":2,"stat.drop":3,"stat.useItem.nocubessrparmory.mimicbladepurple":1,"stat.playOneMinute":12072,"stat.killEntity.familiarfauna.snail":1,"stat.drop.minecraft.wheat_seeds":2,"stat.useItem.minecraft.stone_pickaxe":6,"stat.pickup.minecraft.red_flower":1,"stat.useItem.drpmedieval.spruce_honey_centrifuge":2,"stat.sneakTime":25,"stat.useItem.minecraft.stone_sword":14,"stat.damageDealt":572,"stat.timeSinceDeath":9510,"stat.mineBlock.minecraft.dirt":5,"stat.useItem.minecraft.spawn_egg":14,"stat.craftItem.minecraft.wooden_pickaxe":1,"stat.mineBlock.minecraft.stone":12,"stat.killEntity.Pig":3,"stat.mineBlock.minecraft.tallgrass":13}