{"stats":{"minecraft:picked_up":{"minecraft:dark_oak_log":2},"minecraft:custom":{"minecraft:jump":93,"minecraft:time_since_rest":5666,"minecraft:crouch_one_cm":15,"minecraft:leave_game":2,"minecraft:play_time":5666,"minecraft:sprint_one_cm":6812,"minecraft:walk_one_cm":5768,"minecraft:time_since_death":5666,"minecraft:sneak_time":15,"minecraft:total_world_time":5666,"minecraft:fall_one_cm":4151,"minecraft:fly_one_cm":15927},"minecraft:mined":{"minecraft:dark_oak_log":2},"minecraft:used":{"minecraft:dark_oak_log":2}},"DataVersion":3120}