{"stats":{"minecraft:used":{"alexsmobs:animal_dictionary":1,"minecraft:dark_oak_log":2},"minecraft:mined":{"minecraft:oak_log":4,"minecraft:dark_oak_log":2,"minecraft:oak_leaves":1},"minecraft:picked_up":{"minecraft:oak_log":4,"minecraft:dark_oak_log":2},"minecraft:custom":{"minecraft:jump":121,"minecraft:time_since_rest":7399,"minecraft:crouch_one_cm":120,"minecraft:leave_game":5,"minecraft:play_time":7399,"minecraft:sprint_one_cm":9100,"minecraft:walk_one_cm":7218,"minecraft:time_since_death":7399,"minecraft:sneak_time":61,"minecraft:total_world_time":7399,"minecraft:fall_one_cm":4780,"minecraft:fly_one_cm":20937}},"DataVersion":3120}