{"stats":{"minecraft:picked_up":{"minecraft:dark_oak_log":2},"minecraft:custom":{"minecraft:jump":100,"minecraft:time_since_rest":6627,"minecraft:crouch_one_cm":120,"minecraft:leave_game":4,"minecraft:play_time":6627,"minecraft:sprint_one_cm":7384,"minecraft:walk_one_cm":6122,"minecraft:time_since_death":6627,"minecraft:sneak_time":61,"minecraft:total_world_time":6627,"minecraft:fall_one_cm":4571,"minecraft:fly_one_cm":17728},"minecraft:mined":{"minecraft:dark_oak_log":2},"minecraft:used":{"alexsmobs:animal_dictionary":1,"minecraft:dark_oak_log":2}},"DataVersion":3120}