{"stats":{"minecraft:custom":{"minecraft:jump":69,"minecraft:time_since_rest":3456,"minecraft:crouch_one_cm":15,"minecraft:leave_game":1,"minecraft:sprint_one_cm":5302,"minecraft:play_time":3456,"minecraft:time_since_death":3456,"minecraft:walk_one_cm":3779,"minecraft:sneak_time":15,"minecraft:total_world_time":3456,"minecraft:fall_one_cm":3733,"minecraft:fly_one_cm":13723},"minecraft:used":{"minecraft:dark_oak_log":2},"minecraft:picked_up":{"minecraft:dark_oak_log":2},"minecraft:mined":{"minecraft:dark_oak_log":2}},"DataVersion":3120}