{"stats":{"minecraft:picked_up":{"minecraft:dark_oak_log":2},"minecraft:custom":{"minecraft:jump":96,"minecraft:time_since_rest":6142,"minecraft:crouch_one_cm":120,"minecraft:leave_game":3,"minecraft:play_time":6142,"minecraft:sprint_one_cm":7217,"minecraft:walk_one_cm":5890,"minecraft:time_since_death":6142,"minecraft:sneak_time":61,"minecraft:total_world_time":6142,"minecraft:fall_one_cm":4362,"minecraft:fly_one_cm":17018},"minecraft:mined":{"minecraft:dark_oak_log":2},"minecraft:used":{"minecraft:dark_oak_log":2}},"DataVersion":3120}