{"stats":{"minecraft:custom":{"minecraft:jump":57,"minecraft:time_since_rest":16354,"minecraft:crouch_one_cm":480,"minecraft:play_one_minute":16354,"minecraft:leave_game":4,"minecraft:sprint_one_cm":2345,"minecraft:time_since_death":16354,"minecraft:walk_on_water_one_cm":692,"minecraft:walk_one_cm":7462,"minecraft:sneak_time":112,"minecraft:fall_one_cm":418,"minecraft:fly_one_cm":16267},"minecraft:picked_up":{"minecraft:dirt":1},"minecraft:mined":{"minecraft:grass_block":1},"minecraft:used":{"alexsmobs:animal_dictionary":2,"minecraft:dirt":1,"minecraft:zombie_spawn_egg":1,"minecraft:skeleton_spawn_egg":1,"minecraft:villager_spawn_egg":1}},"DataVersion":2586}