{"stats":{"minecraft:custom":{"minecraft:time_since_rest":26815,"minecraft:crouch_one_cm":2260,"minecraft:damage_taken":1021,"minecraft:sprint_one_cm":45618,"minecraft:play_time":32382,"minecraft:deaths":2,"minecraft:walk_one_cm":39790,"minecraft:sneak_time":340,"minecraft:mob_kills":3,"minecraft:drop":14,"minecraft:jump":595,"minecraft:damage_dealt":1472,"minecraft:leave_game":6,"minecraft:time_since_death":26788,"minecraft:climb_one_cm":48,"minecraft:total_world_time":32382,"minecraft:talked_to_villager":1,"minecraft:fall_one_cm":13220,"minecraft:fly_one_cm":107327,"minecraft:player_kills":2},"minecraft:picked_up":{"youre_seeing_dungeons:essence":3,"youre_seeing_dungeons:unnamed_documments":2,"youre_seeing_dungeons:unreal_dagger":6,"minecraft:leather":1,"minecraft:lead":2,"scalinghealth:power_crystal_shard":4,"minecraft:bread":19},"minecraft:killed_by":{"minecraft:player":2},"minecraft:dropped":{"minecraft:bread":17,"youre_seeing_dungeons:unreal_dagger":4},"minecraft:used":{"minecraft:bread":5,"youre_seeing_dungeons:unreal_dagger":38},"minecraft:killed":{"minecraft:trader_llama":2,"minecraft:wandering_trader":1}},"DataVersion":2975}