{"stats":{"minecraft:custom":{"minecraft:time_since_rest":16855,"minecraft:crouch_one_cm":2249,"minecraft:damage_taken":991,"minecraft:sprint_one_cm":30113,"minecraft:play_time":22422,"minecraft:deaths":2,"minecraft:walk_one_cm":33358,"minecraft:sneak_time":312,"minecraft:drop":14,"minecraft:jump":340,"minecraft:damage_dealt":728,"minecraft:leave_game":2,"minecraft:time_since_death":16828,"minecraft:climb_one_cm":48,"minecraft:total_world_time":22422,"minecraft:fall_one_cm":5339,"minecraft:fly_one_cm":65644,"minecraft:player_kills":2},"minecraft:picked_up":{"youre_seeing_dungeons:essence":3,"youre_seeing_dungeons:unnamed_documments":2,"youre_seeing_dungeons:unreal_dagger":6,"minecraft:bread":19},"minecraft:killed_by":{"minecraft:player":2},"minecraft:dropped":{"minecraft:bread":17,"youre_seeing_dungeons:unreal_dagger":4},"minecraft:used":{"minecraft:bread":3,"youre_seeing_dungeons:unreal_dagger":22}},"DataVersion":2975}