{"stats":{"minecraft:custom":{"minecraft:time_since_rest":11363,"minecraft:crouch_one_cm":2203,"minecraft:walk_one_cm":30225,"minecraft:play_time":16930,"minecraft:sprint_one_cm":22429,"minecraft:damage_taken":906,"minecraft:deaths":2,"minecraft:sneak_time":246,"minecraft:drop":14,"minecraft:jump":187,"minecraft:damage_dealt":718,"minecraft:leave_game":1,"minecraft:time_since_death":11336,"minecraft:total_world_time":16930,"minecraft:fall_one_cm":2639,"minecraft:fly_one_cm":40201,"minecraft:player_kills":2},"minecraft:picked_up":{"youre_seeing_dungeons:essence":3,"youre_seeing_dungeons:unnamed_documments":2,"youre_seeing_dungeons:unreal_dagger":6,"minecraft:bread":19},"minecraft:killed_by":{"minecraft:player":2},"minecraft:dropped":{"minecraft:bread":17,"youre_seeing_dungeons:unreal_dagger":4},"minecraft:used":{"minecraft:bread":1,"youre_seeing_dungeons:unreal_dagger":22}},"DataVersion":2975}