{"stats":{"minecraft:custom":{"minecraft:jump":63,"minecraft:time_since_rest":4344,"minecraft:damage_dealt":497,"minecraft:crouch_one_cm":986,"minecraft:sprint_one_cm":9787,"minecraft:play_time":4344,"minecraft:damage_taken":441,"minecraft:time_since_death":4344,"minecraft:walk_one_cm":15244,"minecraft:sneak_time":174,"minecraft:total_world_time":4344,"minecraft:drop":3,"minecraft:fall_one_cm":629,"minecraft:fly_one_cm":12539,"minecraft:player_kills":2},"minecraft:picked_up":{"youre_seeing_dungeons:essence":1,"youre_seeing_dungeons:unreal_dagger":3},"minecraft:dropped":{"youre_seeing_dungeons:unreal_dagger":3},"minecraft:used":{"youre_seeing_dungeons:unreal_dagger":16}},"DataVersion":2975}