{"stats":{"minecraft:custom":{"minecraft:time_since_rest":24491,"minecraft:crouch_one_cm":2260,"minecraft:damage_taken":1011,"minecraft:sprint_one_cm":41701,"minecraft:play_time":30058,"minecraft:deaths":2,"minecraft:walk_one_cm":35671,"minecraft:sneak_time":340,"minecraft:drop":14,"minecraft:jump":568,"minecraft:damage_dealt":742,"minecraft:leave_game":3,"minecraft:time_since_death":24464,"minecraft:climb_one_cm":48,"minecraft:total_world_time":30058,"minecraft:fall_one_cm":12888,"minecraft:fly_one_cm":103791,"minecraft:player_kills":2},"minecraft:picked_up":{"youre_seeing_dungeons:essence":3,"youre_seeing_dungeons:unnamed_documments":2,"youre_seeing_dungeons:unreal_dagger":6,"minecraft:bread":19},"minecraft:killed_by":{"minecraft:player":2},"minecraft:dropped":{"minecraft:bread":17,"youre_seeing_dungeons:unreal_dagger":4},"minecraft:used":{"minecraft:bread":5,"youre_seeing_dungeons:unreal_dagger":22}},"DataVersion":2975}