{"stats":{"minecraft:custom":{"minecraft:time_since_rest":19029,"minecraft:crouch_one_cm":155,"minecraft:play_time":19029,"minecraft:sprint_one_cm":74071,"minecraft:damage_taken":538,"minecraft:walk_one_cm":25831,"minecraft:sneak_time":80,"minecraft:drop":22,"minecraft:jump":333,"minecraft:damage_dealt":288,"minecraft:time_since_death":19029,"minecraft:total_world_time":19029,"minecraft:fall_one_cm":11126,"minecraft:fly_one_cm":94666,"minecraft:player_kills":1},"minecraft:picked_up":{"youre_seeing_dungeons:unreal_dagger":2,"minecraft:wheat_seeds":1,"minecraft:bread":78},"minecraft:dropped":{"minecraft:bread":74,"minecraft:wheat_seeds":1,"youre_seeing_dungeons:unreal_dagger":2},"minecraft:used":{"minecraft:bread":7,"youre_seeing_dungeons:unreal_dagger":7},"minecraft:mined":{"minecraft:grass":2,"minecraft:dandelion":1}},"DataVersion":2975}