{"stats":{"minecraft:custom":{"minecraft:time_since_rest":50081,"minecraft:crouch_one_cm":3949,"minecraft:sprint_one_cm":105965,"minecraft:play_time":50081,"minecraft:damage_taken":738,"minecraft:walk_one_cm":66926,"minecraft:sneak_time":738,"minecraft:drop":25,"minecraft:jump":618,"minecraft:damage_dealt":699,"minecraft:leave_game":2,"minecraft:time_since_death":50081,"minecraft:climb_one_cm":232,"minecraft:total_world_time":50081,"minecraft:fall_one_cm":14107,"minecraft:fly_one_cm":153589,"minecraft:player_kills":2},"minecraft:picked_up":{"youre_seeing_dungeons:unreal_dagger":4,"minecraft:wheat_seeds":1,"minecraft:bread":133},"minecraft:dropped":{"minecraft:bread":126,"minecraft:wheat_seeds":1,"youre_seeing_dungeons:unreal_dagger":4},"minecraft:used":{"minecraft:bread":8,"youre_seeing_dungeons:unreal_dagger":15},"minecraft:mined":{"minecraft:grass":2,"minecraft:dandelion":1}},"DataVersion":2975}