{"stats":{"minecraft:custom":{"minecraft:time_since_rest":30779,"minecraft:crouch_one_cm":157,"minecraft:sprint_one_cm":86942,"minecraft:play_time":30779,"minecraft:damage_taken":728,"minecraft:walk_one_cm":34739,"minecraft:sneak_time":87,"minecraft:drop":24,"minecraft:jump":454,"minecraft:damage_dealt":589,"minecraft:leave_game":1,"minecraft:time_since_death":30779,"minecraft:total_world_time":30779,"minecraft:fall_one_cm":12168,"minecraft:fly_one_cm":124271,"minecraft:player_kills":2},"minecraft:picked_up":{"youre_seeing_dungeons:unreal_dagger":3,"minecraft:wheat_seeds":1,"minecraft:bread":133},"minecraft:dropped":{"minecraft:bread":126,"minecraft:wheat_seeds":1,"youre_seeing_dungeons:unreal_dagger":3},"minecraft:used":{"minecraft:bread":8,"youre_seeing_dungeons:unreal_dagger":13},"minecraft:mined":{"minecraft:grass":2,"minecraft:dandelion":1}},"DataVersion":2975}