{"stats":{"minecraft:custom":{"minecraft:time_since_rest":42779,"minecraft:crouch_one_cm":1055,"minecraft:sprint_one_cm":101788,"minecraft:play_time":42779,"minecraft:damage_taken":738,"minecraft:walk_one_cm":53232,"minecraft:sneak_time":292,"minecraft:drop":25,"minecraft:jump":577,"minecraft:damage_dealt":684,"minecraft:leave_game":1,"minecraft:time_since_death":42779,"minecraft:climb_one_cm":12,"minecraft:total_world_time":42779,"minecraft:fall_one_cm":13271,"minecraft:fly_one_cm":150392,"minecraft:player_kills":2},"minecraft:picked_up":{"youre_seeing_dungeons:unreal_dagger":4,"minecraft:wheat_seeds":1,"minecraft:bread":133},"minecraft:dropped":{"minecraft:bread":126,"minecraft:wheat_seeds":1,"youre_seeing_dungeons:unreal_dagger":4},"minecraft:used":{"minecraft:bread":8,"youre_seeing_dungeons:unreal_dagger":15},"minecraft:mined":{"minecraft:grass":2,"minecraft:dandelion":1}},"DataVersion":2975}