{"stats":{"minecraft:custom":{"minecraft:time_since_rest":63204,"minecraft:crouch_one_cm":3949,"minecraft:sprint_one_cm":111258,"minecraft:play_time":63204,"minecraft:damage_taken":881,"minecraft:walk_one_cm":76574,"minecraft:sneak_time":738,"minecraft:drop":25,"minecraft:jump":669,"minecraft:damage_dealt":802,"minecraft:leave_game":4,"minecraft:time_since_death":63204,"minecraft:climb_one_cm":232,"minecraft:total_world_time":63204,"minecraft:talked_to_villager":1,"minecraft:fall_one_cm":14374,"minecraft:fly_one_cm":162215,"minecraft:player_kills":2},"minecraft:picked_up":{"youre_seeing_dungeons:unreal_dagger":4,"minecraft:wheat_seeds":1,"minecraft:bread":133},"minecraft:dropped":{"minecraft:bread":126,"minecraft:wheat_seeds":1,"youre_seeing_dungeons:unreal_dagger":4},"minecraft:used":{"minecraft:bread":8,"youre_seeing_dungeons:unreal_dagger":18},"minecraft:mined":{"minecraft:grass":2,"minecraft:dandelion":1}},"DataVersion":2975}