{"stats":{"minecraft:custom":{"minecraft:time_since_rest":2611,"minecraft:crouch_one_cm":4247,"minecraft:sprint_one_cm":135405,"minecraft:play_time":72975,"minecraft:deaths":2,"minecraft:damage_taken":1460,"minecraft:walk_one_cm":84240,"minecraft:sneak_time":910,"minecraft:drop":27,"minecraft:jump":818,"minecraft:damage_dealt":1383,"minecraft:leave_game":6,"minecraft:time_since_death":2590,"minecraft:climb_one_cm":562,"minecraft:total_world_time":72975,"minecraft:talked_to_villager":1,"minecraft:fall_one_cm":17352,"minecraft:fly_one_cm":190930,"minecraft:player_kills":3},"minecraft:picked_up":{"youre_seeing_dungeons:unreal_dagger":7,"minecraft:wheat_seeds":1,"minecraft:bread":277},"minecraft:killed_by":{"minecraft:player":2},"minecraft:dropped":{"minecraft:bread":166,"minecraft:wheat_seeds":1,"youre_seeing_dungeons:unreal_dagger":5},"minecraft:used":{"minecraft:bread":11,"youre_seeing_dungeons:unreal_dagger":33},"minecraft:mined":{"minecraft:grass":2,"minecraft:dandelion":1}},"DataVersion":2975}