{"stat.pickup.minecraft.rotten_flesh":16,"stat.pickup.minecraft.log":6,"stat.useItem.minecraft.rotten_flesh":2,"stat.flyOneCm":60520,"stat.deaths":1,"stat.walkOneCm":25863,"stat.jump":207,"stat.playOneMinute":12902,"stat.fallOneCm":6290,"stat.craftItem.minecraft.planks":4,"stat.damageTaken":415,"stat.damageDealt":236,"stat.craftItem.minecraft.crafting_table":1,"stat.timeSinceDeath":8591,"stat.mineBlock.minecraft.double_plant":1,"stat.sprintOneCm":30605,"stat.mobKills":1,"stat.useItem.minecraft.stone_slab2":6,"stat.mineBlock.minecraft.log":5,"stat.mineBlock.minecraft.tallgrass":8,"stat.craftingTableInteraction":1}