{
  "youre_seeing_dungeons:you_are_seeing_dungeons": {
    "criteria": {
      "you_are_seeing_dungeons": "2024-10-11 18:13:07 +0000"
    },
    "done": true
  },
  "minecraft:nether/obtain_blaze_rod": {
    "criteria": {
      "blaze_rod": "2024-10-12 02:48:36 +0000"
    },
    "done": true
  },
  "minecraft:adventure/root": {
    "criteria": {
      "killed_by_something": "2024-10-11 18:15:32 +0000"
    },
    "done": true
  },
  "minecraft:recipes/brewing/blaze_powder": {
    "criteria": {
      "has_blaze_rod": "2024-10-12 02:48:36 +0000"
    },
    "done": true
  },
  "minecraft:recipes/brewing/brewing_stand": {
    "criteria": {
      "has_blaze_rod": "2024-10-12 02:48:36 +0000"
    },
    "done": true
  },
  "minecraft:adventure/adventuring_time": {
    "criteria": {
      "minecraft:deep_ocean": "2024-10-11 18:13:07 +0000",
      "minecraft:river": "2024-10-12 02:47:30 +0000",
      "minecraft:plains": "2024-10-11 18:19:27 +0000"
    },
    "done": false
  },
  "DataVersion": 2975
}