{
  "youre_seeing_dungeons:you_are_seeing_dungeons": {
    "criteria": {
      "you_are_seeing_dungeons": "2024-10-11 18:15:37 +0000"
    },
    "done": true
  },
  "minecraft:husbandry/balanced_diet": {
    "criteria": {
      "bread": "2024-10-11 18:19:07 +0000"
    },
    "done": false
  },
  "minecraft:husbandry/root": {
    "criteria": {
      "consumed_item": "2024-10-11 18:19:07 +0000"
    },
    "done": true
  },
  "minecraft:adventure/root": {
    "criteria": {
      "killed_by_something": "2024-10-11 18:17:50 +0000"
    },
    "done": true
  },
  "minecraft:adventure/adventuring_time": {
    "criteria": {
      "minecraft:deep_ocean": "2024-10-11 18:15:37 +0000",
      "minecraft:plains": "2024-10-11 18:20:37 +0000"
    },
    "done": false
  },
  "DataVersion": 2975
}